City,Population,Murders and manslaughters,"Murders per 10,000 people",Forcible rapes,"Rapes per 10,000",Robberies,"Robberies per 10,000",Aggravated assaults,"Assaults per 10,000",Burglaries,"Burglaries per 10,000",Larceny-thefts,"Larceny-thefts per 10,000",Motor vehicle thefts,"Motor vehicle thefts per 10,000",Arsons,"Arsons per 10,000"
Southborough,"9,569",0,0,0,0,0,0,0,0,14,14.6,36,37.6,5,5.2,0,0
"Hamilton, MA","8,170",0,0,0,0,0,0,0,0,11,13.5,49,60,1,1.2,0,0
Boxford,"8,088",0,0,0,0,0,0,0,0,9,11.1,54,66.8,2,2.5,0,0
Lincoln,"7,984",0,0,0,0,0,0,0,0,17,21.3,42,52.6,2,2.5,0,0
Eastham,"5,440",0,0,0,0,0,0,0,0,26,47.8,54,99.3,0,0,0,0
Manchester-by-the-Sea,"5,268",0,0,0,0,0,0,0,0,2,3.8,9,17.1,1,1.9,0,0
Sherborn,"4,218",0,0,0,0,0,0,0,0,11,26.1,11,26.1,0,0,0,0
Princeton,"3,510",0,0,0,0,0,0,0,0,19,54.1,13,37,0,0,0,0
Cheshire,"3,287",0,0,0,0,0,0,0,0,8,24.3,4,12.2,0,0,,
Berlin,"2,740",0,0,0,0,0,0,0,0,1,3.6,16,58.4,1,3.6,0,0
"West Tisbury, MA","2,646",0,0,0,0,0,0,0,0,2,7.6,11,41.6,2,7.6,0,0
Shelburne,"2,034",0,0,0,0,0,0,0,0,1,4.9,14,68.8,0,0,0,0
Leverett,"1,753",0,0,0,0,0,0,0,0,4,22.8,3,17.1,0,0,0,0
Charlemont,"1,368",0,0,0,0,0,0,0,0,3,21.9,7,51.2,0,0,0,0
"New Salem, MA",998,0,0,0,0,0,0,0,0,0,0,1,10,0,0,0,0
Monterey,963,0,0,0,0,0,0,0,0,0,0,0,0,0,0,0,0
Aquinnah,355,0,0,0,0,0,0,0,0,0,0,7,197.2,0,0,0,0
Franklin,"31,608",0,0,0,0,2,0.6,1,0.3,15,4.7,78,24.7,3,0.9,1,0.3
Hudson,"19,766",0,0,1,0.5,0,0,1,0.5,22,11.1,137,69.3,13,6.6,0,0
Millis,"7,928",0,0,0,0,0,0,1,1.3,13,16.4,36,45.4,2,2.5,0,0
"Hopkinton, MA","14,419",0,0,0,0,0,0,2,1.4,3,2.1,78,54.1,3,2.1,0,0
Topsfield,"6,056",0,0,0,0,0,0,1,1.7,9,14.9,55,90.8,3,5,0,0
Needham,"28,231",0,0,1,0.4,3,1.1,1,0.4,41,14.5,191,67.7,5,1.8,0,0
Wrentham,"11,181",0,0,1,0.9,1,0.9,0,0,7,6.3,36,32.2,0,0,0,0
Groton,"10,776",0,0,1,0.9,0,0,1,0.9,12,11.1,27,25.1,0,0,1,0.9
Shrewsbury,"33,706",0,0,0,0,1,0.3,6,1.8,106,31.4,314,93.2,19,5.6,0,0
Westford,"21,913",0,0,0,0,1,0.5,4,1.8,29,13.2,95,43.4,9,4.1,0,0
Sudbury,"17,190",0,0,2,1.2,0,0,2,1.2,21,12.2,90,52.4,1,0.6,0,0
Medway,"12,782",0,0,1,0.8,0,0,2,1.6,25,19.6,86,67.3,2,1.6,0,0
Winchester,"21,171",0,0,1,0.5,1,0.5,3,1.4,49,23.1,238,112.4,8,3.8,1,0.5
Georgetown,"8,241",0,0,0,0,0,0,2,2.4,5,6.1,35,42.5,1,1.2,,
Clinton,"14,101",0,0,0,0,0,0,4,2.8,23,16.3,92,65.2,7,5,0,0
Hanover,"14,064",0,0,0,0,1,0.7,3,2.1,42,29.9,321,228.2,5,3.6,0,0
Sharon,"16,984",0,0,0,0,0,0,5,2.9,34,20,80,47.1,0,0,1,0.6
Andover,"33,442",0,0,0,0,2,0.6,8,2.4,61,18.2,360,107.6,20,6,1,0.3
Bedford,"13,215",0,0,2,1.5,0,0,2,1.5,29,21.9,153,115.8,3,2.3,0,0
Hingham,"22,724",0,0,0,0,3,1.3,4,1.8,74,32.6,279,122.8,5,2.2,0,0
Merrimac,"6,459",0,0,1,1.5,0,0,1,1.5,17,26.3,12,18.6,3,4.6,2,3.1
Harvard,"6,001",0,0,0,0,0,0,2,3.3,19,31.7,29,48.3,1,1.7,1,1.7
Lakeville,"10,678",0,0,0,0,0,0,4,3.7,95,89,78,73,11,10.3,1,0.9
Grafton,"17,872",0,0,0,0,0,0,7,3.9,58,32.5,61,34.1,17,9.5,1,0.6
Longmeadow,"15,275",0,0,0,0,0,0,6,3.9,60,39.3,226,148,11,7.2,1,0.7
Carlisle,"4,900",0,0,1,2,0,0,1,2,10,20.4,5,10.2,0,0,0,0
Groveland,"7,041",0,0,0,0,0,0,3,4.3,8,11.4,39,55.4,1,1.4,0,0
Newbury,"6,950",0,0,2,2.9,0,0,1,1.4,15,21.6,30,43.2,4,5.8,1,1.4
Bolton,"4,522",0,0,0,0,0,0,2,4.4,29,64.1,31,68.6,1,2.2,2,4.4
Boylston,"4,298",0,0,0,0,0,0,2,4.7,10,23.3,21,48.9,1,2.3,0,0
North Andover,"27,775",2,0.7,0,0,3,1.1,8,2.9,26,9.4,186,67,10,3.6,1,0.4
Wellesley,"26,975",0,0,2,0.7,4,1.5,8,3,51,18.9,155,57.5,9,3.3,0,0
Townsend,"9,394",0,0,1,1.1,0,0,4,4.3,96,102.2,48,51.1,5,5.3,0,0
Wales,"1,857",0,0,0,0,0,0,1,5.4,0,0,3,16.2,0,0,0,0
Northborough,"14,683",0,0,0,0,1,0.7,7,4.8,16,10.9,80,54.5,5,3.4,1,0.7
Reading,"23,055",0,0,0,0,3,1.3,10,4.3,44,19.1,214,92.8,7,3,0,0
Medfield,"12,261",1,0.8,0,0,0,0,6,4.9,12,9.8,55,44.9,1,0.8,2,1.6
Holden,"16,695",0,0,0,0,1,0.6,9,5.4,19,11.4,68,40.7,4,2.4,1,0.6
Milton,"26,298",2,0.8,0,0,6,2.3,8,3,67,25.5,207,78.7,6,2.3,,
Hatfield,"3,259",0,0,0,0,0,0,2,6.1,1,3.1,3,9.2,0,0,,
Norton,"19,366",0,0,5,2.6,0,0,7,3.6,35,18.1,68,35.1,1,0.5,0,0
Westhampton,"1,601",0,0,0,0,0,0,1,6.2,1,6.2,3,18.7,1,6.2,0,0
Stow,"6,378",0,0,0,0,0,0,4,6.3,15,23.5,28,43.9,3,4.7,1,1.6
Holliston,"13,953",0,0,0,0,1,0.7,8,5.7,14,10,52,37.3,3,2.2,0,0
Easton,"23,047",0,0,0,0,4,1.7,11,4.8,44,19.1,159,69,8,3.5,0,0
Paxton,"4,546",0,0,0,0,1,2.2,2,4.4,10,22,17,37.4,0,0,0,0
Ludlow,"22,530",0,0,2,0.9,5,2.2,8,3.6,84,37.3,206,91.4,16,7.1,3,1.3
Westborough,"18,509",0,0,2,1.1,4,2.2,7,3.8,80,43.2,180,97.2,18,9.7,2,1.1
Dover,"5,634",0,0,0,0,0,0,4,7.1,4,7.1,16,28.4,1,1.8,0,0
Gill,"1,381",0,0,0,0,0,0,1,7.2,5,36.2,11,79.7,0,0,0,0
Concord,"17,543",0,0,0,0,2,1.1,11,6.3,88,50.2,182,103.7,3,1.7,2,1.1
Chatham,"6,735",0,0,0,0,0,0,5,7.4,44,65.3,146,216.8,1,1.5,0,0
Upton,"6,629",1,1.5,0,0,0,0,4,6,12,18.1,30,45.3,11,16.6,0,0
Lexington,"30,321",0,0,0,0,2,0.7,21,6.9,55,18.1,262,86.4,8,2.6,0,0
Mattapoisett,"6,468",0,0,0,0,0,0,5,7.7,6,9.3,91,140.7,3,4.6,0,0
North Reading,"14,040",0,0,1,0.7,0,0,10,7.1,29,20.7,91,64.8,2,1.4,2,1.4
Rowley,"5,881",0,0,1,1.7,1,1.7,3,5.1,8,13.6,14,23.8,7,11.9,2,3.4
Wilbraham,"14,098",0,0,1,0.7,4,2.8,7,5,37,26.2,139,98.6,11,7.8,0,0
Westwood,"13,995",0,0,2,1.4,2,1.4,8,5.7,32,22.9,114,81.5,10,7.1,5,3.6
Gloucester,"30,303",0,0,10,3.3,1,0.3,15,5,103,34,504,166.3,17,5.6,1,0.3
Rehoboth,"11,649",0,0,1,0.9,0,0,9,7.7,41,35.2,105,90.1,17,14.6,1,0.9
Stockbridge,"2,227",0,0,2,9,0,0,0,0,49,220,69,309.8,3,13.5,0,0
Shirley,"7,738",0,0,1,1.3,0,0,6,7.8,14,18.1,42,54.3,2,2.6,0,0
Burlington,"25,319",0,0,1,0.4,5,2,17,6.7,191,75.4,470,185.6,27,10.7,1,0.4
Truro,"2,139",0,0,1,4.7,0,0,1,4.7,6,28.1,16,74.8,1,4.7,0,0
Westminster,"7,446",0,0,1,1.3,0,0,6,8.1,18,24.2,116,155.8,10,13.4,0,0
Norwell,"10,329",0,0,2,1.9,1,1,7,6.8,18,17.4,85,82.3,4,3.9,0,0
Cohasset,"7,171",0,0,1,1.4,1,1.4,5,7,62,86.5,64,89.2,2,2.8,0,0
Ashburnham,"6,009",0,0,0,0,1,1.7,5,8.3,18,30,25,41.6,2,3.3,4,6.7
Swampscott,"13,940",0,0,2,1.4,2,1.4,10,7.2,38,27.3,202,144.9,5,3.6,0,0
Acton,"20,795",0,0,5,2.4,2,1,14,6.7,46,22.1,223,107.2,4,1.9,0,0
Chilmark,978,0,0,0,0,0,0,1,10.2,5,51.1,11,112.5,0,0,0,0
Norfolk,"10,666",1,0.9,1,0.9,0,0,9,8.4,45,42.2,41,38.4,1,0.9,0,0
Goshen,960,0,0,0,0,0,0,1,10.4,2,20.8,0,0,0,0,0,0
West Bridgewater,"6,682",0,0,0,0,1,1.5,6,9,24,35.9,101,151.2,8,12,2,3
Lynnfield,"11,360",0,0,2,1.8,3,2.6,7,6.2,29,25.5,114,100.4,9,7.9,1,0.9
Scituate,"17,879",0,0,2,1.1,1,0.6,16,8.9,46,25.7,140,78.3,10,5.6,2,1.1
Rockland,"17,789",0,0,3,1.7,3,1.7,13,7.3,44,24.7,241,135.5,17,9.6,,
North Attleboro,"27,994",0,0,2,0.7,7,2.5,21,7.5,94,33.6,519,185.4,22,7.9,2,0.7
Plainville,"8,388",0,0,0,0,1,1.2,8,9.5,24,28.6,87,103.7,7,8.3,2,2.4
Berkley,"6,519",0,0,0,0,1,1.5,6,9.2,39,59.8,33,50.6,3,4.6,0,0
Dracut,"29,608",0,0,2,0.7,11,3.7,19,6.4,45,15.2,235,79.4,0,0,1,0.3
Walpole,"23,113",0,0,3,1.3,6,2.6,16,6.9,59,25.5,285,123.3,12,5.2,3,1.3
Tyngsboro,"11,955",0,0,3,2.5,4,3.3,6,5,49,41,126,105.4,20,16.7,1,0.8
Newburyport,"17,133",0,0,1,0.6,1,0.6,17,9.9,31,18.1,202,117.9,16,9.3,0,0
Becket,"1,803",0,0,0,0,0,0,2,11.1,26,144.2,24,133.1,0,0,,
Orleans,"6,309",0,0,1,1.6,0,0,6,9.5,45,71.3,147,233,4,6.3,2,3.2
Granby,"6,303",0,0,1,1.6,0,0,6,9.5,12,19,83,131.7,7,11.1,0,0
Melrose,"26,737",0,0,1,0.4,9,3.4,20,7.5,75,28.1,235,87.9,26,9.7,2,0.7
Southwick,"9,507",0,0,0,0,0,0,11,11.6,42,44.2,76,79.9,14,14.7,0,0
Charlton,"12,740",0,0,1,0.8,2,1.6,12,9.4,40,31.4,74,58.1,17,13.3,2,1.6
Granville,"1,695",0,0,0,0,0,0,2,11.8,9,53.1,16,94.4,0,0,,
Sutton,"9,107",0,0,1,1.1,0,0,10,11,26,28.5,47,51.6,9,9.9,0,0
Williamsburg,"2,442",0,0,1,4.1,0,0,2,8.2,34,139.2,14,57.3,0,0,0,0
Norwood,"28,119",1,0.4,4,1.4,11,3.9,19,6.8,93,33.1,460,163.6,41,14.6,3,1.1
Ashland,"15,927",0,0,3,1.9,1,0.6,16,10,56,35.2,98,61.5,9,5.7,0,0
Lancaster,"7,130",0,0,1,1.4,1,1.4,7,9.8,8,11.2,35,49.1,7,9.8,1,1.4
Maynard,"10,144",0,0,0,0,1,1,12,11.8,2,2,13,12.8,1,1,0,0
Sandwich,"20,258",0,0,1,0.5,3,1.5,22,10.9,90,44.4,253,124.9,8,3.9,4,2
Hopedale,"6,195",1,1.6,1,1.6,0,0,6,9.7,15,24.2,28,45.2,4,6.5,1,1.6
Braintree,"34,495",0,0,5,1.4,6,1.7,34,9.9,76,22,806,233.7,30,8.7,1,0.3
Rockport,"7,615",0,0,4,5.3,0,0,6,7.9,6,7.9,15,19.7,2,2.6,1,1.3
Chelmsford,"34,187",0,0,2,0.6,8,2.3,35,10.2,68,19.9,557,162.9,26,7.6,1,0.3
Arlington,"40,989",0,0,3,0.7,14,3.4,38,9.3,185,45.1,441,107.6,35,8.5,16,3.9
Bernardston,"2,234",0,0,0,0,0,0,3,13.4,7,31.3,14,62.7,3,13.4,0,0
Belchertown,"14,094",0,0,1,0.7,0,0,18,12.8,36,25.5,111,78.8,17,12.1,2,1.4
Mendon,"5,823",0,0,1,1.7,0,0,7,12,12,20.6,29,49.8,2,3.4,1,1.7
Lee,"5,782",0,0,0,0,0,0,8,13.8,4,6.9,38,65.7,11,19,0,0
Savoy,722,0,0,0,0,0,0,1,13.9,2,27.7,1,13.9,0,0,0,0
Avon,"4,285",0,0,0,0,2,4.7,4,9.3,23,53.7,161,375.7,11,25.7,,
West Newbury,"4,283",0,0,0,0,0,0,6,14,3,7,22,51.4,0,0,0,0
Newton,"83,191",0,0,8,1,19,2.3,90,10.8,186,22.4,896,107.7,29,3.5,4,0.5
Royalston,"1,396",0,0,0,0,0,0,2,14.3,6,43,6,43,0,0,0,0
Waltham,"60,459",0,0,9,1.5,15,2.5,65,10.8,108,17.9,696,115.1,44,7.3,1,0.2
Egremont,"1,351",0,0,0,0,0,0,2,14.8,5,37,17,125.8,0,0,0,0
Douglas,"8,033",0,0,3,3.7,0,0,9,11.2,12,14.9,15,18.7,7,8.7,0,0
East Longmeadow,"15,363",0,0,1,0.7,2,1.3,20,13,64,41.7,290,188.8,15,9.8,2,1.3
Raynham,"13,893",0,0,9,6.5,6,4.3,6,4.3,84,60.5,337,242.6,34,24.5,1,0.7
Agawam,"28,353",0,0,6,2.1,7,2.5,30,10.6,80,28.2,206,72.7,39,13.8,5,1.8
Wenham,"4,608",0,0,1,2.2,2,4.3,4,8.7,3,6.5,25,54.3,2,4.3,0,0
Dedham,"24,217",0,0,3,1.2,20,8.3,14,5.8,74,30.6,492,203.2,27,11.1,1,0.4
Uxbridge,"12,820",0,0,2,1.6,0,0,18,14,58,45.2,76,59.3,8,6.2,3,2.3
Plymouth,"55,608",0,0,4,0.7,14,2.5,69,12.4,195,35.1,769,138.3,31,5.6,4,0.7
Brewster,"10,009",0,0,0,0,0,0,16,16,35,35,87,86.9,7,7,2,2
Watertown,"32,462",0,0,3,0.9,6,1.8,43,13.2,101,31.1,433,133.4,29,8.9,1,0.3
Medford,"55,555",0,0,2,0.4,44,7.9,43,7.7,205,36.9,1166,209.9,95,17.1,,
Oak Bluffs,"3,731",0,0,0,0,0,0,6,16.1,12,32.2,97,260,1,2.7,0,0
Williamstown,"8,071",0,0,3,3.7,0,0,10,12.4,21,26,121,149.9,4,5,2,2.5
Belmont,"23,252",0,0,5,2.2,8,3.4,25,10.8,96,41.3,152,65.4,15,6.5,1,0.4
East Bridgewater,"13,988",0,0,4,2.9,2,1.4,17,12.2,42,30,148,105.8,16,11.4,1,0.7
Ashfield,"1,817",0,0,0,0,0,0,3,16.5,5,27.5,11,60.5,0,0,,
Hampden,"5,321",0,0,3,5.6,1,1.9,5,9.4,13,24.4,31,58.3,1,1.9,0,0
Littleton,"8,776",0,0,4,4.6,0,0,11,12.5,24,27.3,65,74.1,4,4.6,1,1.1
Carver,"11,592",0,0,1,0.9,3,2.6,16,13.8,30,25.9,62,53.5,8,6.9,3,2.6
Millville,"2,857",0,0,0,0,0,0,5,17.5,8,28,26,91,1,3.5,0,0
Marblehead,"19,994",0,0,2,1,2,1,31,15.5,31,15.5,157,78.5,8,4,2,1
Lenox,"5,106",0,0,2,3.9,0,0,7,13.7,21,41.1,68,133.2,2,3.9,1,2
Hubbardston,"4,531",0,0,0,0,0,0,8,17.7,7,15.4,22,48.6,7,15.4,1,2.2
Great Barrington,"7,353",0,0,2,2.7,2,2.7,9,12.2,37,50.3,85,115.6,4,5.4,1,1.4
Templeton,"7,911",1,1.3,3,3.8,1,1.3,9,11.4,44,55.6,49,61.9,7,8.8,1,1.3
West Boylston,"8,302",0,0,5,6,3,3.6,7,8.4,32,38.5,138,166.2,7,8.4,0,0
Tisbury,"3,809",1,2.6,0,0,1,2.6,5,13.1,22,57.8,84,220.5,15,39.4,0,0
Natick,"31,943",0,0,3,0.9,4,1.3,53,16.6,65,20.3,727,227.6,25,7.8,0,0
Freetown,"8,990",0,0,0,0,1,1.1,16,17.8,58,64.5,90,100.1,15,16.7,3,3.3
Dighton,"6,819",0,0,0,0,0,0,13,19.1,10,14.7,15,22,2,2.9,,
Marshfield,"24,600",0,0,6,2.4,11,4.5,30,12.2,64,26,215,87.4,27,11,0,0
Marion,"5,226",0,0,0,0,1,1.9,9,17.2,35,67,74,141.6,7,13.4,0,0
Danvers,"26,958",0,0,2,0.7,9,3.3,41,15.2,65,24.1,845,313.5,35,13,1,0.4
South Hadley,"16,921",0,0,3,1.8,7,4.1,23,13.6,66,39,185,109.3,6,3.5,2,1.2
Tewksbury,"29,692",0,0,15,5.1,5,1.7,39,13.1,109,36.7,356,119.9,36,12.1,0,0
Rutland,"8,049",0,0,0,0,2,2.5,14,17.4,18,22.4,25,31.1,4,5,0,0
Weymouth,"53,180",0,0,8,1.5,20,3.8,78,14.7,173,32.5,630,118.5,56,10.5,,
Bridgewater,"25,546",0,0,4,1.6,5,2,42,16.4,59,23.1,166,65,11,4.3,2,0.8
Woburn,"37,005",0,0,3,0.8,10,2.7,61,16.5,96,25.9,719,194.3,73,19.7,2,0.5
Edgartown,"3,935",0,0,0,0,0,0,8,20.3,25,63.5,69,175.3,9,22.9,0,0
Dudley,"11,181",0,0,3,2.7,2,1.8,18,16.1,32,28.6,17,15.2,3,2.7,1,0.9
Salem,"41,531",0,0,10,2.4,15,3.6,61,14.7,175,42.1,584,140.6,87,20.9,,
Rochester,"5,301",0,0,1,1.9,0,0,10,18.9,26,49,48,90.5,3,5.7,1,1.9
West Brookfield,"3,827",0,0,0,0,1,2.6,7,18.3,15,39.2,37,96.7,3,7.8,0,0
Wilmington,"21,712",1,0.5,0,0,1,0.5,44,20.3,94,43.3,289,133.1,12,5.5,4,1.8
Boxborough,"5,124",0,0,2,3.9,2,3.9,7,13.7,14,27.3,34,66.4,4,7.8,1,2
Dartmouth,"34,446",0,0,5,1.5,11,3.2,58,16.8,157,45.6,869,252.3,43,12.5,7,2
Sturbridge,"9,266",0,0,6,6.5,0,0,14,15.1,33,35.6,122,131.7,8,8.6,1,1.1
Leicester,"11,042",0,0,2,1.8,2,1.8,20,18.1,34,30.8,122,110.5,14,12.7,3,2.7
Pembroke,"18,806",0,0,6,3.2,3,1.6,32,17,57,30.3,172,91.5,23,12.2,0,0
Blackstone,"9,058",0,0,1,1.1,1,1.1,18,19.9,37,40.8,93,102.7,15,16.6,1,1.1
Northbridge,"14,526",0,0,2,1.4,0,0,31,21.3,69,47.5,161,110.8,7,4.8,3,2.1
Acushnet,"10,474",0,0,2,1.9,1,1,21,20,70,66.8,91,86.9,12,11.5,3,2.9
Pepperell,"11,438",0,0,1,0.9,2,1.7,24,21,32,28,133,116.3,7,6.1,0,0
Amherst,"36,106",0,0,13,3.6,9,2.5,64,17.7,211,58.4,235,65.1,24,6.6,2,0.6
Lunenburg,"10,012",0,0,1,1,2,2,21,21,37,37,124,123.9,13,13,0,0
Canton,"22,054",0,0,3,1.4,3,1.4,48,21.8,66,29.9,218,98.8,17,7.7,3,1.4
Nahant,"3,505",0,0,1,2.9,0,0,8,22.8,5,14.3,22,62.8,3,8.6,0,0
Millbury,"13,551",0,0,0,0,1,0.7,34,25.1,74,54.6,194,143.2,14,10.3,2,1.5
Harwich,"12,381",0,0,2,1.6,2,1.6,28,22.6,114,92.1,153,123.6,6,4.8,3,2.4
Halifax,"7,722",0,0,3,3.9,0,0,17,22,16,20.7,48,62.2,6,7.8,0,0
Westfield,"40,857",0,0,21,5.1,9,2.2,76,18.6,251,61.4,371,90.8,26,6.4,5,1.2
Seekonk,"13,610",0,0,2,1.5,5,3.7,29,21.3,63,46.3,426,313,23,16.9,2,1.5
Easthampton,"16,072",0,0,1,0.6,2,1.2,40,24.9,63,39.2,109,67.8,7,4.4,6,3.7
Somerset,"18,265",0,0,3,1.6,8,4.4,38,20.8,38,20.8,260,142.3,9,4.9,0,0
Peabody,"51,846",1,0.2,9,1.7,22,4.2,112,21.6,171,33,1024,197.5,123,23.7,6,1.2
Amesbury,"16,421",0,0,6,3.7,3,1.8,37,22.5,40,24.4,241,146.8,10,6.1,3,1.8
Palmer,"12,891",0,0,1,0.8,1,0.8,35,27.2,67,52,105,81.5,10,7.8,3,2.3
East Brookfield,"2,065",0,0,0,0,1,4.8,5,24.2,7,33.9,39,188.9,3,14.5,1,4.8
Methuen,"43,987",1,0.2,4,0.9,14,3.2,110,25,221,50.2,696,158.2,118,26.8,1,0.2
Swansea,"16,274",0,0,3,1.8,3,1.8,43,26.4,48,29.5,231,141.9,27,16.6,3,1.8
Framingham,"64,519",1,0.2,11,1.7,40,6.2,144,22.3,268,41.5,1166,180.7,166,25.7,,
Orange,"7,831",0,0,2,2.6,2,2.6,20,25.5,93,118.8,95,121.3,6,7.7,0,0
Hinsdale,"1,945",0,0,0,0,0,0,6,30.8,4,20.6,1,5.1,0,0,,
Beverly,"39,435",0,0,10,2.5,20,5.1,92,23.3,107,27.1,548,139,40,10.1,0,0
Fairhaven,"16,115",1,0.6,0,0,10,6.2,40,24.8,146,90.6,389,241.4,23,14.3,2,1.2
Monson,"8,841",0,0,4,4.5,0,0,24,27.1,38,43,90,101.8,5,5.7,0,0
Mashpee,"14,417",0,0,2,1.4,6,4.2,38,26.4,116,80.5,226,156.8,12,8.3,4,2.8
Dalton,"6,546",0,0,4,6.1,1,1.5,16,24.4,24,36.7,59,90.1,1,1.5,6,9.2
Oxford,"13,671",0,0,1,0.7,4,2.9,39,28.5,47,34.4,102,74.6,20,14.6,3,2.2
Ayer,"7,378",0,0,3,4.1,5,6.8,16,21.7,50,67.8,88,119.3,10,13.6,3,4.1
Stoughton,"26,924",0,0,8,3,22,8.2,58,21.5,197,73.2,276,102.5,27,10,0,0
Bourne,"19,048",0,0,5,2.6,10,5.2,48,25.2,258,135.4,313,164.3,9,4.7,3,1.6
Attleboro,"43,228",0,0,8,1.9,31,7.2,104,24.1,223,51.6,662,153.1,71,16.4,9,2.1
Hadley,"4,786",0,0,1,2.1,4,8.4,11,23,30,62.7,149,311.3,7,14.6,1,2.1
Abington,"16,590",1,0.6,10,6,5,3,40,24.1,119,71.7,213,128.4,28,16.9,0,0
Northampton,"28,341",0,0,9,3.2,12,4.2,76,26.8,143,50.5,624,220.2,46,16.2,3,1.1
Winthrop,"20,404",0,0,3,1.5,8,3.9,59,28.9,100,49,160,78.4,19,9.3,2,1
Kingston,"12,405",0,0,3,2.4,4,3.2,36,29,39,31.4,332,267.6,16,12.9,4,3.2
Buckland,"1,990",0,0,1,5,0,0,6,30.2,4,20.1,13,65.3,0,0,0,0
Westport,"15,253",0,0,2,1.3,0,0,53,34.7,74,48.5,81,53.1,28,18.4,1,0.7
Wellfleet,"2,746",0,0,0,0,0,0,10,36.4,24,87.4,40,145.7,2,7.3,1,3.6
Quincy,"95,061",2,0.2,15,1.6,105,11,225,23.7,598,62.9,1139,119.8,135,14.2,8,0.8
Barre,"5,455",0,0,2,3.7,2,3.7,16,29.3,21,38.5,47,86.2,4,7.3,,
Northfield,"2,990",0,0,1,3.3,0,0,10,33.4,24,80.3,43,143.8,3,10,,
Saugus,"27,327",0,0,5,1.8,23,8.4,73,26.7,206,75.4,831,304.1,78,28.5,1,0.4
Falmouth,"33,302",1,0.3,15,4.5,9,2.7,100,30,552,165.8,520,156.1,38,11.4,16,4.8
Hardwick,"2,653",0,0,0,0,0,0,10,37.7,4,15.1,19,71.6,2,7.5,1,3.8
Sunderland,"3,714",0,0,0,0,1,2.7,13,35,21,56.5,19,51.2,3,8.1,0,0
Hull,"11,064",0,0,0,0,3,2.7,39,35.2,51,46.1,88,79.5,11,9.9,1,0.9
Marlborough,"38,253",0,0,11,2.9,15,3.9,121,31.6,108,28.2,572,149.5,52,13.6,3,0.8
Erving,"1,546",0,0,1,6.5,0,0,5,32.3,14,90.6,22,142.3,2,12.9,0,0
Athol,"11,637",0,0,7,6,3,2.6,37,31.8,109,93.7,172,147.8,10,8.6,2,1.7
Cambridge,"101,362",2,0.2,14,1.4,155,15.3,243,24,396,39.1,2500,246.6,242,23.9,10,1
Somerville,"74,012",2,0.3,20,2.7,112,15.1,170,23,450,60.8,1614,218.1,249,33.6,7,0.9
Revere,"56,445",2,0.4,15,2.7,51,9,169,29.9,291,51.6,1063,188.3,240,42.5,2,0.4
Gardner,"20,587",0,0,11,5.3,8,3.9,69,33.5,190,92.3,331,160.8,36,17.5,3,1.5
Middleboro,"21,402",0,0,7,3.3,12,5.6,73,34.1,129,60.3,335,156.5,45,21,1,0.5
Ware,"9,961",0,0,3,3,5,5,35,35.1,29,29.1,146,146.6,11,11,2,2
Southbridge,"16,886",0,0,4,2.4,10,5.9,66,39.1,172,101.9,199,117.8,30,17.8,5,3
Adams,"8,145",0,0,6,7.4,0,0,33,40.5,83,101.9,161,197.7,7,8.6,2,2.5
Warren,"5,108",0,0,0,0,0,0,25,48.9,30,58.7,19,37.2,10,19.6,0,0
Winchendon,"10,192",0,0,3,2.9,3,2.9,44,43.2,44,43.2,181,177.6,17,16.7,2,2
Randolph,"30,068",0,0,7,2.3,22,7.3,121,40.2,138,45.9,547,181.9,71,23.6,1,0.3
Provincetown,"3,383",0,0,2,5.9,0,0,15,44.3,10,29.6,177,523.2,2,5.9,0,0
Everett,"37,172",2,0.5,15,4,50,13.5,121,32.6,325,87.4,874,235.1,153,41.2,1,0.3
Dennis,"15,406",0,0,5,3.2,7,4.5,67,43.5,166,107.8,333,216.1,19,12.3,4,2.6
Salisbury,"8,609",0,0,6,7,1,1.2,39,45.3,79,91.8,95,110.3,17,19.7,1,1.2
Leominster,"41,095",1,0.2,8,1.9,19,4.6,196,47.7,220,53.5,964,234.6,62,15.1,8,1.9
Taunton,"55,745",6,1.1,10,1.8,51,9.1,238,42.7,543,97.4,626,112.3,98,17.6,12,2.2
Montague,"8,318",0,0,7,8.4,2,2.4,40,48.1,59,70.9,116,139.5,11,13.2,6,7.2
Chicopee,"53,777",2,0.4,25,4.6,57,10.6,239,44.4,470,87.4,1059,196.9,149,27.7,5,0.9
North Adams,"13,781",1,0.7,4,2.9,5,3.6,75,54.4,251,182.1,355,257.6,28,20.3,4,2.9
Lawrence,"69,812",4,0.6,14,2,104,14.9,334,47.8,615,88.1,1023,146.5,341,48.8,,
Haverhill,"60,001",1,0.2,11,1.8,60,10,331,55.2,677,112.8,667,111.2,132,22,5,0.8
Greenfield,"17,651",0,0,18,10.2,6,3.4,97,55,258,146.2,278,157.5,27,15.3,3,1.7
Yarmouth,"23,903",0,0,7,2.9,17,7.1,142,59.4,240,100.4,675,282.4,34,14.2,7,2.9
Pittsfield,"42,597",0,0,53,12.4,16,3.8,229,53.8,374,87.8,672,157.8,59,13.9,6,1.4
Barnstable,"47,828",1,0.2,39,8.2,41,8.6,291,60.8,450,94.1,1105,231,83,17.4,14,2.9
Lynn,"90,042",6,0.7,36,4,182,20.2,592,65.7,1133,125.8,1408,156.4,473,52.5,8,0.9
Worcester,"177,151",6,0.3,42,2.4,373,21.1,1297,73.2,1701,96,3983,224.8,672,37.9,10,0.6
Lowell,"110,136",6,0.5,42,3.8,225,20.4,894,81.2,1073,97.4,2227,202.2,450,40.9,33,3
Boston,"604,465",62,1,237,3.9,2398,39.7,3979,65.8,3493,57.8,16531,273.5,2405,39.8,,
Holyoke,"39,722",2,0.5,44,11.1,65,16.4,340,85.6,461,116.1,1650,415.4,236,59.4,20,5
Fall River,"90,760",3,0.3,65,7.2,240,26.4,780,85.9,842,92.8,2337,257.5,349,38.5,37,4.1
Springfield,"151,249",14,0.9,117,7.7,567,37.5,1200,79.3,2002,132.4,4432,293,902,59.6,61,4
New Bedford,"91,473",4,0.4,59,6.4,301,32.9,827,90.4,1056,115.4,1978,216.2,319,34.9,43,4.7
Chelsea,"38,621",2,0.5,25,6.5,212,54.9,430,111.3,407,105.4,979,253.5,249,64.5,1,0.3
Brookline,"54,527",0,0,3,0.6,30,5.5,,,156,28.6,683,125.3,22,4,2,0.4
Fitchburg,"40,377",4,1,24,5.9,62,15.4,,,316,78.3,761,188.5,105,26,12,3
Auburn,"16,298",0,0,4,2.5,13,8,,,83,50.9,393,241.1,27,16.6,8,4.9
Hanson,"10,010",1,1,2,2,2,2,,,45,45,109,108.9,12,12,4,4
Southampton,"6,036",0,0,1,1.7,0,0,,,12,19.9,36,59.6,5,8.3,1,1.7
North Brookfield,"4,834",0,0,2,4.1,0,0,,,9,18.6,23,47.6,6,12.4,0,0
